prescription_id,image_id,gt_count,p0_tp,p0_fp,p0_fn,p0_precision,p0_recall,p0_f1,p0_confirmed,p1_tp,p1_fp,p1_fn,p1_precision,p1_recall,p1_f1,p1_confirmed,p2_tp,p2_fp,p2_fn,p2_precision,p2_recall,p2_f1,p2_confirmed,p3_tp,p3_fp,p3_fn,p3_precision,p3_recall,p3_f1,p3_confirmed
RX_001,IMG_20260209_002313,15,4,1,11,0.8,0.2667,0.4,0,4,1,11,0.8,0.2667,0.4,0,5,1,10,0.8333,0.3333,0.4762,1,3,0,12,1.0,0.2,0.3333,1
RX_001,IMG_20260209_002409,15,4,1,11,0.8,0.2667,0.4,0,4,1,11,0.8,0.2667,0.4,0,5,1,10,0.8333,0.3333,0.4762,1,2,0,13,1.0,0.1333,0.2353,1
RX_001,IMG_20260209_002435,15,4,1,11,0.8,0.2667,0.4,0,4,1,11,0.8,0.2667,0.4,0,3,1,12,0.75,0.2,0.3158,0,3,1,12,0.75,0.2,0.3158,0
RX_001,IMG_20260209_002440,15,4,1,11,0.8,0.2667,0.4,0,4,1,11,0.8,0.2667,0.4,0,5,0,10,1.0,0.3333,0.5,0,4,0,11,1.0,0.2667,0.4211,0
RX_001,IMG_20260209_002444,15,4,1,11,0.8,0.2667,0.4,0,4,1,11,0.8,0.2667,0.4,0,2,0,13,1.0,0.1333,0.2353,0,2,0,13,1.0,0.1333,0.2353,0
RX_001,IMG_20260209_002447,15,4,1,11,0.8,0.2667,0.4,0,4,1,11,0.8,0.2667,0.4,0,4,1,11,0.8,0.2667,0.4,0,3,1,12,0.75,0.2,0.3158,0
RX_001,IMG_20260209_002453,15,4,1,11,0.8,0.2667,0.4,0,4,1,11,0.8,0.2667,0.4,0,0,1,15,0.0,0.0,0.0,0,0,1,15,0.0,0.0,0.0,0
RX_001,IMG_20260209_002456,15,4,1,11,0.8,0.2667,0.4,0,4,1,11,0.8,0.2667,0.4,0,0,1,15,0.0,0.0,0.0,0,0,1,15,0.0,0.0,0.0,0
RX_001,IMG_20260209_002500,15,3,2,12,0.6,0.2,0.3,0,3,2,12,0.6,0.2,0.3,0,0,1,15,0.0,0.0,0.0,0,0,1,15,0.0,0.0,0.0,0
RX_001,IMG_20260209_002501,15,4,1,11,0.8,0.2667,0.4,0,4,1,11,0.8,0.2667,0.4,0,0,1,15,0.0,0.0,0.0,0,0,1,15,0.0,0.0,0.0,0
RX_001,IMG_20260209_002507,15,5,0,10,1.0,0.3333,0.5,0,5,0,10,1.0,0.3333,0.5,0,4,0,11,1.0,0.2667,0.4211,2,5,0,10,1.0,0.3333,0.5,2
RX_001,IMG_20260209_002518,15,5,0,10,1.0,0.3333,0.5,0,5,0,10,1.0,0.3333,0.5,0,1,1,14,0.5,0.0667,0.1176,0,1,1,14,0.5,0.0667,0.1176,0
RX_001,IMG_20260209_002648,15,5,0,10,1.0,0.3333,0.5,0,5,0,10,1.0,0.3333,0.5,0,4,1,11,0.8,0.2667,0.4,1,3,0,12,1.0,0.2,0.3333,1
RX_001,IMG_20260209_002648_1,15,4,2,11,0.6667,0.2667,0.381,0,4,2,11,0.6667,0.2667,0.381,0,5,1,10,0.8333,0.3333,0.4762,1,2,0,13,1.0,0.1333,0.2353,1
RX_001,IMG_20260209_002656,15,4,1,11,0.8,0.2667,0.4,0,4,1,11,0.8,0.2667,0.4,0,4,0,11,1.0,0.2667,0.4211,1,3,1,12,0.75,0.2,0.3158,1
RX_001,IMG_20260209_002706,15,4,1,11,0.8,0.2667,0.4,0,4,1,11,0.8,0.2667,0.4,0,5,1,10,0.8333,0.3333,0.4762,1,2,0,13,1.0,0.1333,0.2353,1
RX_001,IMG_20260209_002710,15,4,1,11,0.8,0.2667,0.4,0,4,1,11,0.8,0.2667,0.4,0,5,0,10,1.0,0.3333,0.5,1,2,0,13,1.0,0.1333,0.2353,1
RX_001,IMG_20260209_002714,15,4,1,11,0.8,0.2667,0.4,0,4,1,11,0.8,0.2667,0.4,0,4,1,11,0.8,0.2667,0.4,1,3,0,12,1.0,0.2,0.3333,1
RX_001,IMG_20260209_002727,15,4,1,11,0.8,0.2667,0.4,0,4,1,11,0.8,0.2667,0.4,0,0,2,15,0.0,0.0,0.0,0,0,1,15,0.0,0.0,0.0,0
RX_001,IMG_20260209_002732,15,4,1,11,0.8,0.2667,0.4,0,4,1,11,0.8,0.2667,0.4,0,0,1,15,0.0,0.0,0.0,0,0,1,15,0.0,0.0,0.0,0
RX_001,IMG_20260209_002737,15,4,1,11,0.8,0.2667,0.4,0,4,1,11,0.8,0.2667,0.4,0,0,1,15,0.0,0.0,0.0,0,0,1,15,0.0,0.0,0.0,0
RX_001,IMG_20260209_002739,15,4,1,11,0.8,0.2667,0.4,0,4,1,11,0.8,0.2667,0.4,0,0,1,15,0.0,0.0,0.0,0,0,1,15,0.0,0.0,0.0,0
RX_001,IMG_20260209_002742,15,4,1,11,0.8,0.2667,0.4,0,4,1,11,0.8,0.2667,0.4,0,0,2,15,0.0,0.0,0.0,0,0,1,15,0.0,0.0,0.0,0
RX_001,IMG_20260209_002744,15,4,1,11,0.8,0.2667,0.4,0,4,1,11,0.8,0.2667,0.4,0,0,2,15,0.0,0.0,0.0,0,0,1,15,0.0,0.0,0.0,0
RX_001,IMG_20260209_002748,15,4,1,11,0.8,0.2667,0.4,0,4,1,11,0.8,0.2667,0.4,0,0,1,15,0.0,0.0,0.0,0,0,0,15,0.0,0.0,0.0,0
RX_001,IMG_20260209_002752,15,5,0,10,1.0,0.3333,0.5,0,5,0,10,1.0,0.3333,0.5,0,1,1,14,0.5,0.0667,0.1176,0,0,0,15,0.0,0.0,0.0,0
RX_001,IMG_20260209_002815,15,5,1,10,0.8333,0.3333,0.4762,0,5,1,10,0.8333,0.3333,0.4762,0,1,1,14,0.5,0.0667,0.1176,0,1,1,14,0.5,0.0667,0.1176,0
RX_001,IMG_20260209_002819,15,4,0,11,1.0,0.2667,0.4211,0,4,0,11,1.0,0.2667,0.4211,0,2,0,13,1.0,0.1333,0.2353,0,2,1,13,0.6667,0.1333,0.2222,0
RX_001,IMG_20260209_002823,15,5,0,10,1.0,0.3333,0.5,0,5,0,10,1.0,0.3333,0.5,0,0,1,15,0.0,0.0,0.0,0,0,1,15,0.0,0.0,0.0,0
RX_001,IMG_20260209_180408,15,2,1,13,0.6667,0.1333,0.2222,0,2,1,13,0.6667,0.1333,0.2222,0,4,0,11,1.0,0.2667,0.4211,1,4,0,11,1.0,0.2667,0.4211,1
RX_001,IMG_20260209_180410,15,4,1,11,0.8,0.2667,0.4,0,4,1,11,0.8,0.2667,0.4,0,4,1,11,0.8,0.2667,0.4,0,3,1,12,0.75,0.2,0.3158,1
RX_001,IMG_20260209_180412,15,4,1,11,0.8,0.2667,0.4,0,4,1,11,0.8,0.2667,0.4,0,4,2,11,0.6667,0.2667,0.381,1,3,1,12,0.75,0.2,0.3158,1
RX_001,IMG_20260209_180415,15,5,0,10,1.0,0.3333,0.5,0,5,0,10,1.0,0.3333,0.5,0,2,0,13,1.0,0.1333,0.2353,0,3,0,12,1.0,0.2,0.3333,0
RX_001,IMG_20260209_180420,15,4,1,11,0.8,0.2667,0.4,0,4,1,11,0.8,0.2667,0.4,0,4,2,11,0.6667,0.2667,0.381,1,3,0,12,1.0,0.2,0.3333,1
RX_001,IMG_20260209_180421,15,4,1,11,0.8,0.2667,0.4,0,4,1,11,0.8,0.2667,0.4,0,3,2,12,0.6,0.2,0.3,1,3,0,12,1.0,0.2,0.3333,1
RX_001,IMG_20260209_180423,15,4,1,11,0.8,0.2667,0.4,0,4,1,11,0.8,0.2667,0.4,0,5,1,10,0.8333,0.3333,0.4762,0,4,0,11,1.0,0.2667,0.4211,1
RX_001,IMG_20260209_180425,15,2,1,13,0.6667,0.1333,0.2222,0,2,1,13,0.6667,0.1333,0.2222,0,2,1,13,0.6667,0.1333,0.2222,0,2,0,13,1.0,0.1333,0.2353,1
RX_001,IMG_20260209_180428,15,3,1,12,0.75,0.2,0.3158,0,3,1,12,0.75,0.2,0.3158,0,5,0,10,1.0,0.3333,0.5,0,5,0,10,1.0,0.3333,0.5,0
RX_001,IMG_20260209_180432,15,5,0,10,1.0,0.3333,0.5,0,5,0,10,1.0,0.3333,0.5,0,5,0,10,1.0,0.3333,0.5,1,4,0,11,1.0,0.2667,0.4211,1
RX_001,IMG_20260209_180434,15,5,0,10,1.0,0.3333,0.5,0,5,0,10,1.0,0.3333,0.5,0,4,0,11,1.0,0.2667,0.4211,1,4,0,11,1.0,0.2667,0.4211,1
RX_001,IMG_20260209_180436,15,5,0,10,1.0,0.3333,0.5,0,5,0,10,1.0,0.3333,0.5,0,5,1,10,0.8333,0.3333,0.4762,2,4,0,11,1.0,0.2667,0.4211,2
RX_001,IMG_20260209_180438,15,5,0,10,1.0,0.3333,0.5,0,5,0,10,1.0,0.3333,0.5,0,5,0,10,1.0,0.3333,0.5,1,2,0,13,1.0,0.1333,0.2353,0
RX_001,IMG_20260209_180442,15,5,0,10,1.0,0.3333,0.5,0,5,0,10,1.0,0.3333,0.5,0,5,1,10,0.8333,0.3333,0.4762,2,4,0,11,1.0,0.2667,0.4211,1
RX_001,IMG_20260209_180445,15,5,0,10,1.0,0.3333,0.5,0,5,0,10,1.0,0.3333,0.5,0,5,1,10,0.8333,0.3333,0.4762,2,4,0,11,1.0,0.2667,0.4211,1
RX_001,IMG_20260209_180453,15,5,0,10,1.0,0.3333,0.5,0,5,0,10,1.0,0.3333,0.5,0,5,1,10,0.8333,0.3333,0.4762,2,3,0,12,1.0,0.2,0.3333,0
RX_001,IMG_20260209_180455,15,5,0,10,1.0,0.3333,0.5,0,5,0,10,1.0,0.3333,0.5,0,5,1,10,0.8333,0.3333,0.4762,2,4,0,11,1.0,0.2667,0.4211,1
RX_001,IMG_20260209_180457,15,5,0,10,1.0,0.3333,0.5,0,5,0,10,1.0,0.3333,0.5,0,5,1,10,0.8333,0.3333,0.4762,1,3,0,12,1.0,0.2,0.3333,0
RX_001,IMG_20260209_180500,15,5,0,10,1.0,0.3333,0.5,0,5,0,10,1.0,0.3333,0.5,0,4,0,11,1.0,0.2667,0.4211,2,3,0,12,1.0,0.2,0.3333,1
RX_001,IMG_20260209_180502,15,2,0,13,1.0,0.1333,0.2353,0,2,0,13,1.0,0.1333,0.2353,0,2,1,13,0.6667,0.1333,0.2222,0,2,1,13,0.6667,0.1333,0.2222,0
RX_001,IMG_20260209_180505,15,5,0,10,1.0,0.3333,0.5,0,5,0,10,1.0,0.3333,0.5,0,5,0,10,1.0,0.3333,0.5,2,3,0,12,1.0,0.2,0.3333,1
RX_001,IMG_20260209_180511,15,5,0,10,1.0,0.3333,0.5,0,5,0,10,1.0,0.3333,0.5,0,5,0,10,1.0,0.3333,0.5,4,5,0,10,1.0,0.3333,0.5,4
RX_001,IMG_20260209_180513,15,4,1,11,0.8,0.2667,0.4,0,4,1,11,0.8,0.2667,0.4,0,4,1,11,0.8,0.2667,0.4,2,2,1,13,0.6667,0.1333,0.2222,1
RX_001,IMG_20260209_180517,15,4,1,11,0.8,0.2667,0.4,0,4,1,11,0.8,0.2667,0.4,0,4,2,11,0.6667,0.2667,0.381,1,3,0,12,1.0,0.2,0.3333,0
RX_001,IMG_20260209_180525,15,5,0,10,1.0,0.3333,0.5,0,5,0,10,1.0,0.3333,0.5,0,1,1,14,0.5,0.0667,0.1176,0,1,1,14,0.5,0.0667,0.1176,0
RX_001,IMG_20260209_180527,15,5,0,10,1.0,0.3333,0.5,0,5,0,10,1.0,0.3333,0.5,0,5,0,10,1.0,0.3333,0.5,2,4,0,11,1.0,0.2667,0.4211,3
RX_001,IMG_20260209_180530,15,5,0,10,1.0,0.3333,0.5,0,5,0,10,1.0,0.3333,0.5,0,5,0,10,1.0,0.3333,0.5,3,5,0,10,1.0,0.3333,0.5,3
RX_001,IMG_20260209_180537,15,5,0,10,1.0,0.3333,0.5,0,5,0,10,1.0,0.3333,0.5,0,5,1,10,0.8333,0.3333,0.4762,1,3,0,12,1.0,0.2,0.3333,2
RX_001,IMG_20260209_180540,15,5,1,10,0.8333,0.3333,0.4762,0,5,1,10,0.8333,0.3333,0.4762,0,5,1,10,0.8333,0.3333,0.4762,0,4,0,11,1.0,0.2667,0.4211,1
RX_001,IMG_20260209_180542,15,5,0,10,1.0,0.3333,0.5,0,5,0,10,1.0,0.3333,0.5,0,5,1,10,0.8333,0.3333,0.4762,3,3,0,12,1.0,0.2,0.3333,2
RX_001,IMG_20260209_180546,15,5,0,10,1.0,0.3333,0.5,0,5,0,10,1.0,0.3333,0.5,0,5,0,10,1.0,0.3333,0.5,1,5,0,10,1.0,0.3333,0.5,0
RX_001,IMG_20260209_180548,15,5,0,10,1.0,0.3333,0.5,0,5,0,10,1.0,0.3333,0.5,0,5,1,10,0.8333,0.3333,0.4762,1,5,0,10,1.0,0.3333,0.5,2
RX_001,IMG_20260209_180553,15,5,0,10,1.0,0.3333,0.5,0,5,0,10,1.0,0.3333,0.5,0,5,1,10,0.8333,0.3333,0.4762,2,3,0,12,1.0,0.2,0.3333,1
RX_001,IMG_20260209_180604,15,5,0,10,1.0,0.3333,0.5,0,5,0,10,1.0,0.3333,0.5,0,5,0,10,1.0,0.3333,0.5,1,4,0,11,1.0,0.2667,0.4211,2
RX_001,IMG_20260209_180616,15,5,0,10,1.0,0.3333,0.5,0,5,0,10,1.0,0.3333,0.5,0,5,1,10,0.8333,0.3333,0.4762,2,3,0,12,1.0,0.2,0.3333,1
RX_001,IMG_20260209_180619,15,5,0,10,1.0,0.3333,0.5,0,5,0,10,1.0,0.3333,0.5,0,5,1,10,0.8333,0.3333,0.4762,1,4,0,11,1.0,0.2667,0.4211,1
RX_001,IMG_20260209_180621,15,5,0,10,1.0,0.3333,0.5,0,5,0,10,1.0,0.3333,0.5,0,5,1,10,0.8333,0.3333,0.4762,2,5,0,10,1.0,0.3333,0.5,4
RX_001,IMG_20260209_180705,15,5,0,10,1.0,0.3333,0.5,0,5,0,10,1.0,0.3333,0.5,0,5,0,10,1.0,0.3333,0.5,2,5,0,10,1.0,0.3333,0.5,3
RX_001,IMG_20260209_180708,15,2,2,13,0.5,0.1333,0.2105,0,2,2,13,0.5,0.1333,0.2105,0,2,4,13,0.3333,0.1333,0.1905,0,1,1,14,0.5,0.0667,0.1176,0
RX_001,IMG_20260209_180710,15,5,0,10,1.0,0.3333,0.5,0,5,0,10,1.0,0.3333,0.5,0,5,0,10,1.0,0.3333,0.5,1,5,0,10,1.0,0.3333,0.5,2
RX_001,IMG_20260209_180712,15,5,0,10,1.0,0.3333,0.5,0,5,0,10,1.0,0.3333,0.5,0,5,0,10,1.0,0.3333,0.5,2,4,0,11,1.0,0.2667,0.4211,2
RX_001,IMG_20260209_180715,15,5,0,10,1.0,0.3333,0.5,0,5,0,10,1.0,0.3333,0.5,0,5,0,10,1.0,0.3333,0.5,2,4,0,11,1.0,0.2667,0.4211,2
RX_001,IMG_20260209_180717,15,5,0,10,1.0,0.3333,0.5,0,5,0,10,1.0,0.3333,0.5,0,5,0,10,1.0,0.3333,0.5,2,5,0,10,1.0,0.3333,0.5,2
RX_001,IMG_20260209_180840,15,4,1,11,0.8,0.2667,0.4,0,4,1,11,0.8,0.2667,0.4,0,5,0,10,1.0,0.3333,0.5,1,5,0,10,1.0,0.3333,0.5,1
RX_001,IMG_20260209_180844,15,4,1,11,0.8,0.2667,0.4,0,4,1,11,0.8,0.2667,0.4,0,4,2,11,0.6667,0.2667,0.381,0,3,1,12,0.75,0.2,0.3158,0
RX_001,IMG_20260209_180846,15,4,1,11,0.8,0.2667,0.4,0,4,1,11,0.8,0.2667,0.4,0,3,1,12,0.75,0.2,0.3158,0,2,1,13,0.6667,0.1333,0.2222,1
RX_001,IMG_20260209_180847,15,4,0,11,1.0,0.2667,0.4211,0,4,0,11,1.0,0.2667,0.4211,0,4,0,11,1.0,0.2667,0.4211,0,3,0,12,1.0,0.2,0.3333,0
RX_001,IMG_20260209_180849,15,4,1,11,0.8,0.2667,0.4,0,4,1,11,0.8,0.2667,0.4,0,4,0,11,1.0,0.2667,0.4211,1,5,0,10,1.0,0.3333,0.5,1
RX_001,IMG_20260209_180851,15,4,0,11,1.0,0.2667,0.4211,0,4,0,11,1.0,0.2667,0.4211,0,4,1,11,0.8,0.2667,0.4,0,5,1,10,0.8333,0.3333,0.4762,0
RX_001,IMG_20260209_181355,15,5,0,10,1.0,0.3333,0.5,0,5,0,10,1.0,0.3333,0.5,0,5,1,10,0.8333,0.3333,0.4762,2,4,0,11,1.0,0.2667,0.4211,0
RX_001,IMG_20260209_181357,15,5,0,10,1.0,0.3333,0.5,0,5,0,10,1.0,0.3333,0.5,0,4,0,11,1.0,0.2667,0.4211,1,3,0,12,1.0,0.2,0.3333,1
RX_001,IMG_20260209_181358,15,5,0,10,1.0,0.3333,0.5,0,5,0,10,1.0,0.3333,0.5,0,5,0,10,1.0,0.3333,0.5,0,3,0,12,1.0,0.2,0.3333,1
RX_001,IMG_20260209_181403,15,5,0,10,1.0,0.3333,0.5,0,5,0,10,1.0,0.3333,0.5,0,5,1,10,0.8333,0.3333,0.4762,1,4,0,11,1.0,0.2667,0.4211,1
RX_001,IMG_20260209_181405,15,5,0,10,1.0,0.3333,0.5,0,5,0,10,1.0,0.3333,0.5,0,5,1,10,0.8333,0.3333,0.4762,0,4,0,11,1.0,0.2667,0.4211,1
RX_001,IMG_20260209_181407,15,5,0,10,1.0,0.3333,0.5,0,5,0,10,1.0,0.3333,0.5,0,5,1,10,0.8333,0.3333,0.4762,2,3,0,12,1.0,0.2,0.3333,1
RX_001,IMG_20260209_181408,15,5,0,10,1.0,0.3333,0.5,0,5,0,10,1.0,0.3333,0.5,0,5,1,10,0.8333,0.3333,0.4762,2,4,0,11,1.0,0.2667,0.4211,1
RX_001,IMG_20260209_181410,15,5,0,10,1.0,0.3333,0.5,0,5,0,10,1.0,0.3333,0.5,0,5,1,10,0.8333,0.3333,0.4762,0,2,0,13,1.0,0.1333,0.2353,0
RX_001,IMG_20260209_181412,15,5,0,10,1.0,0.3333,0.5,0,5,0,10,1.0,0.3333,0.5,0,5,1,10,0.8333,0.3333,0.4762,1,3,0,12,1.0,0.2,0.3333,1
RX_001,IMG_20260209_181415,15,3,2,12,0.6,0.2,0.3,0,3,2,12,0.6,0.2,0.3,0,4,2,11,0.6667,0.2667,0.381,1,3,0,12,1.0,0.2,0.3333,1
RX_001,IMG_20260209_181417,15,5,1,10,0.8333,0.3333,0.4762,0,5,1,10,0.8333,0.3333,0.4762,0,5,0,10,1.0,0.3333,0.5,1,3,0,12,1.0,0.2,0.3333,0
RX_001,IMG_20260209_181428,15,4,1,11,0.8,0.2667,0.4,0,4,1,11,0.8,0.2667,0.4,0,4,1,11,0.8,0.2667,0.4,1,2,0,13,1.0,0.1333,0.2353,1
RX_001,IMG_20260209_181430,15,4,1,11,0.8,0.2667,0.4,0,4,1,11,0.8,0.2667,0.4,0,3,2,12,0.6,0.2,0.3,1,2,1,13,0.6667,0.1333,0.2222,1
RX_001,IMG_20260209_181434,15,4,1,11,0.8,0.2667,0.4,0,4,1,11,0.8,0.2667,0.4,0,4,0,11,1.0,0.2667,0.4211,1,4,0,11,1.0,0.2667,0.4211,1
RX_001,IMG_20260209_181437,15,5,0,10,1.0,0.3333,0.5,0,5,0,10,1.0,0.3333,0.5,0,4,0,11,1.0,0.2667,0.4211,1,5,0,10,1.0,0.3333,0.5,1
RX_001,IMG_20260209_181438,15,4,1,11,0.8,0.2667,0.4,0,4,1,11,0.8,0.2667,0.4,0,4,1,11,0.8,0.2667,0.4,1,2,1,13,0.6667,0.1333,0.2222,1
RX_001,IMG_20260209_181441,15,4,1,11,0.8,0.2667,0.4,0,4,1,11,0.8,0.2667,0.4,0,4,2,11,0.6667,0.2667,0.381,1,3,1,12,0.75,0.2,0.3158,1
RX_001,IMG_20260209_181444,15,4,1,11,0.8,0.2667,0.4,0,4,1,11,0.8,0.2667,0.4,0,4,1,11,0.8,0.2667,0.4,0,4,0,11,1.0,0.2667,0.4211,0
RX_001,IMG_20260209_181447,15,4,1,11,0.8,0.2667,0.4,0,4,1,11,0.8,0.2667,0.4,0,4,1,11,0.8,0.2667,0.4,0,3,0,12,1.0,0.2,0.3333,1
RX_001,IMG_20260209_181502,15,4,1,11,0.8,0.2667,0.4,0,4,1,11,0.8,0.2667,0.4,0,5,0,10,1.0,0.3333,0.5,0,4,0,11,1.0,0.2667,0.4211,0
RX_001,IMG_20260209_181536,15,4,1,11,0.8,0.2667,0.4,0,4,1,11,0.8,0.2667,0.4,0,3,1,12,0.75,0.2,0.3158,1,4,0,11,1.0,0.2667,0.4211,1
RX_001,IMG_20260209_181539,15,4,1,11,0.8,0.2667,0.4,0,4,1,11,0.8,0.2667,0.4,0,3,1,12,0.75,0.2,0.3158,1,3,1,12,0.75,0.2,0.3158,1
RX_001,IMG_20260209_181647,15,5,0,10,1.0,0.3333,0.5,0,5,0,10,1.0,0.3333,0.5,0,5,1,10,0.8333,0.3333,0.4762,1,5,1,10,0.8333,0.3333,0.4762,1
RX_001,IMG_20260209_181650,15,5,0,10,1.0,0.3333,0.5,0,5,0,10,1.0,0.3333,0.5,0,5,1,10,0.8333,0.3333,0.4762,2,4,0,11,1.0,0.2667,0.4211,1
RX_001,IMG_20260209_181940,15,4,1,11,0.8,0.2667,0.4,0,4,1,11,0.8,0.2667,0.4,0,5,0,10,1.0,0.3333,0.5,0,1,0,14,1.0,0.0667,0.125,0
RX_001,IMG_20260209_181941,15,4,1,11,0.8,0.2667,0.4,0,4,1,11,0.8,0.2667,0.4,0,5,0,10,1.0,0.3333,0.5,0,1,0,14,1.0,0.0667,0.125,0
RX_001,IMG_20260209_181943,15,5,0,10,1.0,0.3333,0.5,0,5,0,10,1.0,0.3333,0.5,0,5,2,10,0.7143,0.3333,0.4545,0,0,1,15,0.0,0.0,0.0,0
RX_001,IMG_20260209_181945,15,5,1,10,0.8333,0.3333,0.4762,0,5,1,10,0.8333,0.3333,0.4762,0,2,1,13,0.6667,0.1333,0.2222,0,2,1,13,0.6667,0.1333,0.2222,0
RX_001,IMG_20260209_181958,15,5,0,10,1.0,0.3333,0.5,0,5,0,10,1.0,0.3333,0.5,0,5,0,10,1.0,0.3333,0.5,2,4,0,11,1.0,0.2667,0.4211,1
RX_001,IMG_20260209_182006,15,5,0,10,1.0,0.3333,0.5,0,5,0,10,1.0,0.3333,0.5,0,5,1,10,0.8333,0.3333,0.4762,3,1,0,14,1.0,0.0667,0.125,0
RX_001,IMG_20260209_182008,15,5,0,10,1.0,0.3333,0.5,0,5,0,10,1.0,0.3333,0.5,0,5,0,10,1.0,0.3333,0.5,2,5,0,10,1.0,0.3333,0.5,2
RX_001,IMG_20260209_182010,15,5,0,10,1.0,0.3333,0.5,0,5,0,10,1.0,0.3333,0.5,0,4,1,11,0.8,0.2667,0.4,0,3,0,12,1.0,0.2,0.3333,0
RX_001,IMG_20260209_182011,15,5,0,10,1.0,0.3333,0.5,0,5,0,10,1.0,0.3333,0.5,0,5,0,10,1.0,0.3333,0.5,1,5,0,10,1.0,0.3333,0.5,1
RX_016,IMG_20260209_180336,2,2,1,0,0.6667,1.0,0.8,0,2,1,0,0.6667,1.0,0.8,0,2,0,0,1.0,1.0,1.0,0,2,0,0,1.0,1.0,1.0,0
RX_016,IMG_20260209_181346,2,2,0,0,1.0,1.0,1.0,0,2,0,0,1.0,1.0,1.0,0,2,0,0,1.0,1.0,1.0,0,2,0,0,1.0,1.0,1.0,0
RX_019,IMG_20260122_010316,8,8,0,0,1.0,1.0,1.0,0,8,0,0,1.0,1.0,1.0,0,4,0,4,1.0,0.5,0.6667,0,4,0,4,1.0,0.5,0.6667,0
RX_023,IMG_20260209_181327,2,2,1,0,0.6667,1.0,0.8,0,2,1,0,0.6667,1.0,0.8,0,1,1,1,0.5,0.5,0.5,0,1,1,1,0.5,0.5,0.5,0
